,City,Lat,Lng,Max Temp,Humidity,Cloudiness,Wind Speed,Country,Date
0,Qaanaaq,77.48,-69.36,47.41,53,0,8.81,GL,1595794573
1,Kotri,25.37,68.31,89.24,62,2,15.08,PK,1595794778
2,Butaritari,3.07,172.79,83.39,74,1,14.81,KI,1595794517
3,Ushuaia,-54.8,-68.3,33.8,90,75,23.04,AR,1595794235
4,Mae Chan,20.15,99.85,77.0,94,100,4.7,TH,1595794782
5,Kawalu,-7.38,108.21,69.53,90,100,1.45,ID,1595794559
6,Busselton,-33.65,115.33,62.01,79,61,14.97,AU,1595794307
7,Kapaa,22.08,-159.32,80.01,88,90,18.34,US,1595794472
8,Mumford,5.26,-0.76,75.4,85,41,15.61,GH,1595794786
9,Mahébourg,-20.41,57.7,69.8,73,75,18.34,MU,1595794655
10,Batemans Bay,-35.72,150.18,57.99,97,100,4.0,AU,1595794789
11,Hobart,-42.88,147.33,45.0,87,100,5.82,AU,1595794384
12,Nikolskoye,59.7,30.79,59.0,72,0,2.24,RU,1595794354
13,Zlatograd,41.38,25.1,79.0,59,17,6.24,BG,1595794792
14,Mar del Plata,-38.0,-57.56,53.01,76,100,13.87,AR,1595794462
15,Raghunathpur,23.55,86.67,87.15,66,94,4.09,IN,1595794794
16,Albany,42.6,-73.97,91.99,31,0,9.91,US,1595794383
17,Cidreira,-30.18,-50.21,57.13,78,100,13.65,BR,1595794465
18,Yulara,-25.24,130.99,39.2,66,0,1.12,AU,1595794798
19,Cape Town,-33.93,18.42,55.0,71,20,21.92,ZA,1595794247
20,Mount Gambier,-37.83,140.77,48.2,100,75,8.05,AU,1595794711
21,Pathein,16.78,94.73,80.69,89,100,4.72,MM,1595794801
22,San Felipe,10.34,-68.74,78.46,85,100,2.57,VE,1595794802
23,Cayenne,4.93,-52.33,78.8,83,91,3.36,GF,1595794507
24,Palpa,-14.53,-75.19,78.93,31,0,8.81,PE,1595794804
25,Laas,46.62,10.7,78.8,47,39,5.82,IT,1595794806
26,Mataura,-46.19,168.86,39.0,83,0,3.0,NZ,1595794462
27,Bluff,-46.6,168.33,39.0,83,0,3.0,NZ,1595794289
28,Khanbari,27.37,87.2,74.16,76,69,1.25,NP,1595794809
29,Green River,41.53,-109.47,82.4,18,1,9.17,US,1595794550
30,Olinda,-8.01,-34.86,78.8,74,40,16.11,BR,1595794811
31,Port Alfred,-33.59,26.89,58.24,69,66,14.45,ZA,1595794500
32,Arrondissement du Havre,49.58,0.33,62.6,77,100,5.82,FR,1595794814
33,Upernavik,72.79,-56.15,45.25,84,92,0.89,GL,1595794531
34,Caxito,-8.58,13.66,71.6,88,100,9.17,AO,1595794816
35,Ust'-Shonosha,61.15,41.34,57.11,70,88,2.77,RU,1595794817
36,Guerrero Negro,27.98,-114.06,80.56,48,0,15.21,MX,1595794818
37,Cherskiy,68.75,161.3,75.29,39,12,15.26,RU,1595794356
38,Fúquene,5.4,-73.8,61.2,68,22,6.35,CO,1595794820
39,Nome,64.5,-165.41,60.01,62,1,4.7,US,1595794584
40,La Ligua,-32.45,-71.23,60.8,59,100,6.93,CL,1595794823
41,Cockburn Town,21.46,-71.14,82.96,79,0,14.76,TC,1595794736
42,Baruun-Urt,46.68,113.28,59.99,77,22,10.02,MN,1595794825
43,Puerto El Triunfo,13.28,-88.55,91.4,74,40,4.7,SV,1595794826
44,Kargasok,59.06,80.86,55.27,84,97,4.27,RU,1595794579
45,Rawson,-43.3,-65.1,43.86,74,100,5.01,AR,1595794829
46,Hirara,24.8,125.28,84.94,79,78,16.37,JP,1595794830
47,Padang,-0.95,100.35,75.2,94,40,4.7,ID,1595794454
48,Debre Tabor,11.85,38.02,51.08,100,100,0.74,ET,1595794832
49,Esperance,-33.87,121.9,46.4,93,93,12.75,AU,1595794593
50,Bethel,41.37,-73.41,91.0,43,1,10.29,US,1595794436
51,East London,-33.02,27.91,60.93,68,94,15.99,ZA,1595794546
52,Tasiilaq,65.61,-37.64,46.4,75,100,8.05,GL,1595794226
53,Rikitea,-23.12,-134.97,70.23,79,0,19.53,PF,1595794478
54,Naze,28.37,129.48,82.4,88,75,8.05,JP,1595794839
55,Maceió,-9.67,-35.74,78.8,69,40,13.87,BR,1595794761
56,Praia da Vitória,38.73,-27.07,80.6,69,20,8.59,PT,1595794841
57,Atuona,-9.8,-139.03,80.24,71,4,24.2,PF,1595794293
58,Port Blair,11.67,92.75,82.17,76,100,1.1,IN,1595794844
59,Ndélé,8.41,20.65,70.34,93,73,7.52,CF,1595794845
60,Santa Lucía,27.91,-15.54,75.0,69,20,31.09,ES,1595794846
61,Maridi,4.92,29.47,67.23,96,62,2.93,SS,1595794847
62,Punta Arenas,-53.15,-70.92,39.2,64,20,16.11,CL,1595794475
63,Bonavista,48.65,-53.11,57.72,96,100,16.37,CA,1595794849
64,Hambantota,6.12,81.12,80.08,79,100,11.14,LK,1595794336
65,Ostrovnoy,68.05,39.51,58.8,78,88,4.97,RU,1595794647
66,Jinchang,38.5,102.17,74.28,21,61,7.0,CN,1595794853
67,Hilo,19.73,-155.09,86.0,62,75,5.82,US,1595794395
68,Kavaratti,10.57,72.64,81.63,81,67,10.69,IN,1595794609
69,Sakakah,29.97,40.21,105.8,10,0,4.7,SA,1595794856
70,Sciacca,37.51,13.09,75.99,65,0,7.0,IT,1595794857
71,Yellowknife,62.46,-114.35,71.6,40,20,9.17,CA,1595794532
72,Torbay,47.67,-52.73,59.0,93,90,14.99,CA,1595794860
73,Sur,22.57,59.53,87.26,62,96,14.45,OM,1595794861
74,Cotonou,6.37,2.42,77.0,88,40,12.75,BJ,1595794862
75,San Miguel,13.48,-88.18,91.4,74,40,4.7,SV,1595794863
76,Zhangaözen,43.3,52.8,85.24,18,48,24.29,KZ,1595794864
77,Ponta do Sol,32.67,-17.1,71.6,68,20,13.87,PT,1595794865
78,Grindavik,63.84,-22.43,53.6,71,75,17.22,IS,1595794866
79,Puerto Ayora,-0.74,-90.35,78.8,57,20,24.16,EC,1595794352
80,Bucerías,20.75,-105.33,89.01,62,40,8.05,MX,1595794869
81,Saint-Pierre,-21.34,55.48,66.2,77,77,5.82,RE,1595794870
82,Iqaluit,63.75,-68.51,53.6,76,40,5.82,CA,1595794849
83,Paragominas,-2.97,-47.48,87.69,50,16,2.55,BR,1595794872
84,Olafsvik,64.89,-23.71,50.14,72,83,7.65,IS,1595794729
85,Kysyl-Syr,63.9,122.76,52.48,92,92,1.12,RU,1595794874
86,Vaini,-21.2,-175.2,69.8,88,75,8.05,TO,1595794387
87,Bosaso,11.28,49.18,88.16,62,24,3.85,SO,1595794877
88,Salalah,17.02,54.09,78.8,94,75,2.24,OM,1595794649
89,George Town,5.41,100.34,80.6,94,40,0.89,MY,1595794263
90,Hermanus,-34.42,19.23,50.0,79,14,1.01,ZA,1595794578
91,Vila Franca do Campo,37.72,-25.43,73.4,83,40,10.29,PT,1595794881
92,Norman Wells,65.28,-126.83,71.6,49,75,11.41,CA,1595794420
93,Tuatapere,-46.13,167.68,39.0,83,1,3.0,NZ,1595794413
94,Portel,-1.94,-50.82,90.23,50,70,3.02,BR,1595794884
95,Oranjemund,-28.55,16.43,57.94,79,0,19.62,NA,1595794886
96,Ahipara,-35.17,173.17,47.25,80,0,4.85,NZ,1595794887
97,Klaksvík,62.23,-6.59,51.8,81,100,8.05,FO,1595794358
98,Hithadhoo,-0.6,73.08,82.8,66,94,5.7,MV,1595794889
99,Northam,51.03,-4.22,62.01,93,100,4.0,GB,1595794735
100,Jasper,37.2,-94.35,93.0,49,1,8.05,US,1595794891
101,North Bend,43.41,-124.22,88.0,56,1,9.17,US,1595794892
102,Tanga,-5.07,39.1,72.5,84,3,11.14,TZ,1595794893
103,Severo-Kuril'sk,50.68,156.12,51.12,91,99,16.37,RU,1595794333
104,Goderich,43.75,-81.72,91.99,72,98,7.0,CA,1595794896
105,Arraial do Cabo,-22.97,-42.03,77.0,73,40,6.93,BR,1595794897
106,Nouadhibou,20.93,-17.03,69.8,88,0,28.86,MR,1595794898
107,Tuktoyaktuk,69.45,-133.04,62.6,67,40,9.17,CA,1595794487
108,Port Elizabeth,-33.92,25.57,55.4,87,54,6.93,ZA,1595794629
109,Castro,-24.79,-50.01,66.11,69,94,3.6,BR,1595794563
110,San Cristobal,7.77,-72.22,91.4,43,20,9.17,VE,1595794769
111,Ca Mau,9.18,105.15,78.53,86,89,1.03,VN,1595794770
112,Barrow,71.29,-156.79,44.6,87,90,14.99,US,1595794571
113,Berlevåg,70.86,29.09,64.4,82,0,10.29,NO,1595794906
114,Ribeira Grande,38.52,-28.7,75.2,88,75,9.17,PT,1595794474
115,Petawawa,45.9,-77.33,90.0,52,20,12.5,CA,1595794908
116,Yazoo City,32.86,-90.41,86.0,88,1,8.9,US,1595794909
117,Jalu,29.03,21.55,84.72,39,0,16.15,LY,1595794910
118,Grand Gaube,-20.01,57.66,70.0,73,99,10.0,MU,1595794911
119,Henties Bay,-22.12,14.28,62.01,83,0,10.16,NA,1595794554
120,Saint-Philippe,-21.36,55.77,66.2,77,76,5.82,RE,1595794496
121,Chui,-33.7,-53.46,51.75,82,100,5.77,UY,1595794491
122,Saint Paul Harbor,57.79,-152.41,62.6,59,40,9.17,US,1595794495
123,Jamestown,42.1,-79.24,86.0,57,75,9.17,US,1595794291
124,Manalongon,9.22,122.89,78.49,82,37,4.94,PH,1595794918
125,Port Hardy,50.7,-127.42,59.0,87,40,4.7,CA,1595794919
126,Kahului,20.89,-156.47,80.6,78,90,18.34,US,1595794920
127,Tura,25.52,90.22,76.51,91,91,2.39,IN,1595794598
128,Chokurdakh,70.63,147.92,44.64,82,100,11.9,RU,1595794343
129,Vanavara,60.34,102.28,56.71,85,100,7.02,RU,1595794924
130,Avanigadda,16.02,80.92,85.14,73,64,3.6,IN,1595794925
131,Dunedin,-45.87,170.5,45.0,75,0,3.0,NZ,1595794926
132,Bānswāra,23.55,74.45,83.62,72,0,13.85,IN,1595794927
133,Darhan,49.49,105.92,59.61,90,8,2.68,MN,1595794928
134,Te Anau,-45.42,167.72,35.19,87,28,0.83,NZ,1595794930
135,Dikson,73.51,80.55,38.43,91,100,14.94,RU,1595794570
136,Riacho de Santana,-13.61,-42.94,78.37,44,12,10.67,BR,1595794932
137,Saskylakh,71.92,114.08,37.78,95,100,18.23,RU,1595794716
138,Pandan,14.05,124.17,79.86,84,33,2.3,PH,1595794934
139,Frontera,26.93,-101.45,73.4,83,90,13.87,MX,1595794935
140,Chumikan,54.72,135.31,51.19,91,44,2.24,RU,1595794936
141,Oodweyne,9.41,45.06,75.72,49,69,17.54,SO,1595794938
142,Havelock,34.88,-76.9,90.0,62,25,11.01,US,1595794939
143,Ixtapa,20.7,-105.2,89.01,62,40,8.05,MX,1595794940
144,Shar,49.59,81.05,61.79,68,86,2.91,KZ,1595794941
145,Khatanga,71.97,102.5,39.11,88,100,8.37,RU,1595794529
146,Gari,59.43,62.35,56.37,77,62,2.55,RU,1595794943
147,Safi,32.3,-9.24,72.01,88,0,9.33,MA,1595794946
148,Bairiki Village,1.33,172.98,82.65,76,24,14.29,KI,1595794947
149,Bredasdorp,-34.53,20.04,46.4,75,16,6.93,ZA,1595794468
150,Gävle,60.67,17.14,66.0,57,69,11.01,SE,1595794949
151,Lompoc,34.64,-120.46,71.01,68,8,16.11,US,1595794746
152,Richards Bay,-28.78,32.04,65.07,74,28,9.17,ZA,1595794951
153,Yamada,39.47,141.95,67.14,94,100,2.37,JP,1595794953
154,Tiksi,71.69,128.87,37.06,94,100,13.58,RU,1595794565
155,Mogadishu,2.04,45.34,77.14,84,5,17.58,SO,1595794955
156,Pisco,-13.7,-76.22,64.4,72,40,10.29,PE,1595794756
157,San Juan,-31.54,-68.54,66.83,22,66,10.69,AR,1595794895
158,Hasaki,35.73,140.83,75.2,94,75,4.7,JP,1595794935
159,Seabra,-12.42,-41.77,71.64,61,99,10.42,BR,1595794804
160,Hūn,29.13,15.95,84.63,27,0,12.5,LY,1595794961
161,Borūjerd,33.9,48.75,73.09,25,33,1.92,IR,1595794962
162,Codrington,-38.27,141.97,50.31,90,82,9.84,AU,1595794963
163,Constitución,-35.33,-72.42,55.38,79,100,2.55,CL,1595794964
164,Coos Bay,43.37,-124.22,88.0,56,1,9.17,US,1595794965
165,Bowen,-20.02,148.23,61.0,93,0,10.38,AU,1595794966
166,Bengkulu,-3.8,102.27,75.06,85,77,4.52,ID,1595794562
167,West Bay,19.37,-81.42,89.6,70,40,17.22,KY,1595794969
168,Hofn,64.25,-15.21,49.5,70,100,15.88,IS,1595794470
169,Auki,-8.77,160.7,77.43,87,85,3.42,SB,1595794971
170,São Sebastião,-23.76,-45.41,69.1,87,98,3.85,BR,1595794972
171,Arman',59.7,150.17,55.89,82,99,1.28,RU,1595794973
172,Penzance,50.12,-5.54,62.01,93,100,12.75,GB,1595794974
173,Bagan,54.1,77.66,58.06,81,46,2.55,RU,1595794975
174,Isangel,-19.55,169.27,73.13,84,61,14.92,VU,1595794423
175,Iguaba Grande,-22.84,-42.23,77.0,78,20,6.93,BR,1595794978
176,Provideniya,64.38,-173.3,48.2,76,75,6.71,RU,1595794326
177,Nerchinskiy Zavod,51.31,119.61,63.1,88,24,2.37,RU,1595794980
178,Fortuna,40.6,-124.16,64.4,77,40,12.75,US,1595794981
179,Kharp,66.8,65.81,52.12,74,64,3.87,RU,1595794982
180,Äänekoski,62.69,25.82,57.0,93,21,1.12,FI,1595794983
181,Shingū,33.73,135.98,73.6,93,100,3.29,JP,1595794947
182,Puri,19.8,85.85,82.4,94,40,8.05,IN,1595794986
183,Banda Aceh,5.56,95.32,79.25,79,100,8.03,ID,1595794987
184,Mocuba,-16.84,36.99,60.64,96,0,2.93,MZ,1595794988
185,Sandūr,15.1,76.55,72.32,85,8,13.02,IN,1595794989
186,Saint-Louis,16.33,-15.0,89.6,46,0,4.7,SN,1595794990
187,Qianjiang,30.42,112.89,70.77,97,100,7.09,CN,1595794991
188,Verāval,20.9,70.37,83.23,81,1,9.15,IN,1595794992
189,‘Āhuimanu,21.44,-157.84,80.01,83,90,24.16,US,1595794941
190,Johnson City,36.31,-82.35,88.0,58,1,6.93,US,1595794946
191,Samarai,-10.62,150.67,78.6,87,88,7.2,PG,1595794996
192,Vestmannaeyjar,63.44,-20.27,53.02,84,100,1.03,IS,1595794931
193,Zaidpur,26.83,81.33,86.0,84,75,3.51,IN,1595794998
194,Lokosovo,61.13,74.82,52.41,84,20,5.35,RU,1595794999
195,Sambava,-14.27,50.17,68.72,90,100,15.55,MG,1595795000
196,Hamilton,39.18,-84.53,95.0,46,1,6.93,US,1595795001
197,Ancud,-41.87,-73.82,48.0,65,40,11.41,CL,1595794388
198,Tokur,53.13,132.9,56.35,97,81,1.79,RU,1595795004
199,Hearst,49.68,-83.67,93.06,33,6,7.2,CA,1595795006
200,Teya,60.38,92.63,49.24,89,0,1.07,RU,1595795007
201,Lebu,-37.62,-73.65,51.87,80,100,10.33,CL,1595794966
202,Warrington,53.39,-2.58,63.0,72,20,11.41,GB,1595795009
203,Makakilo City,21.35,-158.09,84.2,66,75,10.29,US,1595795010
204,Faanui,-16.48,-151.75,78.98,81,42,16.15,PF,1595795012
205,Airai,-8.93,125.41,53.49,99,61,3.94,TL,1595795013
206,Province of Mantua,45.17,10.78,77.0,70,35,1.01,IT,1595795014
207,Shihezi,44.3,86.03,82.53,27,100,5.44,CN,1595795015
208,Batagay-Alyta,67.8,130.41,57.29,56,96,4.63,RU,1595795016
209,Portland,45.52,-122.68,96.01,29,1,9.17,US,1595794555
210,Inhambane,-23.86,35.38,60.8,93,20,5.82,MZ,1595795018
211,Prachuap Khiri Khan,11.82,99.78,78.17,85,100,6.24,TH,1595795019
212,Pevek,69.7,170.31,54.45,67,77,13.42,RU,1595794643
213,Leningradskiy,69.38,178.42,66.96,49,56,15.35,RU,1595794550
214,Thompson,55.74,-97.86,57.2,93,90,9.17,CA,1595794560
215,Dolzhanskaya,46.63,37.8,84.0,100,99,23.0,RU,1595795024
216,Sabang,5.89,95.32,81.72,78,100,12.3,ID,1595795025
217,Port-Gentil,-0.72,8.78,75.2,88,40,12.93,GA,1595795026
218,Port Augusta,-32.5,137.77,46.99,100,38,5.82,AU,1595795028
219,Avarua,-21.21,-159.78,71.6,83,98,9.17,CK,1595794381
220,Jiexiu,37.02,111.91,68.25,78,11,0.4,CN,1595795030
221,Ingham,42.6,-84.38,90.0,52,40,9.17,US,1595795031
222,Los Llanos de Aridane,28.66,-17.92,73.4,73,20,14.99,ES,1595795032
223,Onalaska,43.88,-91.24,84.2,66,1,6.93,US,1595795033
224,Jijiga,9.35,42.8,65.5,69,46,8.99,ET,1595794896
225,Kolondiéba,11.09,-6.89,76.86,85,60,5.53,ML,1595795035
226,Port Keats,-14.25,129.55,65.73,37,0,13.06,AU,1595794939
227,Clyde River,70.47,-68.59,48.2,76,1,3.36,CA,1595794592
228,Marzuq,14.4,46.47,76.53,66,89,6.11,YE,1595794952
229,Chenzhou,25.8,113.03,79.14,77,100,4.14,CN,1595795040
230,Muros,42.78,-9.06,73.0,64,0,6.93,ES,1595795041
231,Campbeltown,55.43,-5.61,57.2,71,75,3.36,GB,1595795042
232,Urcos,-13.69,-71.62,69.8,11,0,6.93,PE,1595795044
233,College,64.86,-147.8,64.99,68,75,5.82,US,1595794290
234,Makat,47.65,53.35,78.28,26,20,11.83,KZ,1595795046
235,Swan Hill,-35.34,143.55,43.2,90,62,10.56,AU,1595795047
236,Nanchang,28.68,115.88,79.65,89,100,4.16,CN,1595794889
237,St. George's,12.06,-61.75,87.8,66,20,17.22,GD,1595795049
238,Saint George,37.1,-113.58,100.0,11,1,5.82,US,1595794514
239,New Norfolk,-42.78,147.06,45.0,86,100,2.71,AU,1595794594
240,Kumul,42.8,93.45,83.82,19,0,17.85,CN,1595794936
241,Genhe,50.78,121.52,62.08,86,10,2.59,CN,1595795054
242,Saldanha,-33.01,17.94,51.8,76,0,8.05,ZA,1595795055
243,Kaitangata,-46.28,169.85,37.99,85,0,4.0,NZ,1595795056
244,Edmundston,47.37,-68.33,71.6,83,90,4.7,CA,1595794920
245,Kruisfontein,-34.0,24.73,54.0,87,45,1.01,ZA,1595794638
246,Columbus,39.96,-83.0,93.0,41,40,9.17,US,1595794951
247,Tazovsky,67.47,78.7,46.18,75,86,11.7,RU,1595795060
248,Ciudad Sabinas Hidalgo,26.5,-100.17,73.17,93,100,19.19,MX,1595795062
249,Pochutla,15.74,-96.47,87.8,62,40,7.14,MX,1595794548
250,Ulaanbaatar,47.91,106.88,55.4,87,20,2.24,MN,1595795064
251,Puerto del Rosario,28.5,-13.86,75.2,69,0,18.34,ES,1595795065
252,Beyneu,45.32,55.2,79.34,21,100,9.17,KZ,1595795066
253,Tual,-5.67,132.75,79.23,83,96,24.43,ID,1595795067
254,Thinadhoo,0.53,72.93,82.85,71,100,7.11,MV,1595794730
255,Kununurra,-15.77,128.73,60.8,34,21,5.82,AU,1595795069
256,Esmeraldas,-19.76,-44.31,78.8,53,40,10.29,BR,1595795071
257,Uribia,11.71,-72.27,92.07,46,100,15.75,CO,1595795072
258,Malatya Province,38.5,38.0,80.6,39,0,6.93,TR,1595795073
259,Giohar,2.78,45.5,75.85,78,9,15.48,SO,1595795074
260,Mountain Home,43.13,-115.69,84.2,20,20,5.82,US,1595795075
261,Baft,29.23,56.61,75.81,19,2,10.0,IR,1595795076
262,Talnakh,69.49,88.4,44.6,93,91,17.9,RU,1595795077
263,Nyandoma,61.67,40.2,55.0,76,42,1.97,RU,1595795078
264,Oxford,51.75,-1.26,64.4,72,20,8.05,GB,1595795080
265,Longyearbyen,78.22,15.64,62.6,67,0,11.41,SJ,1595794589
266,Dvinskoy,62.15,45.12,58.64,91,1,2.68,RU,1595795082
267,Carnarvon,-24.87,113.63,53.6,100,0,6.93,AU,1595794922
268,Yangi Marg`ilon,40.43,71.72,75.2,57,90,4.7,UZ,1595795084
269,Neuquén,-38.95,-68.06,57.2,38,13,12.75,AR,1595795085
270,Pokhara,28.23,83.98,72.77,83,99,1.3,NP,1595794991
271,Neepawa,50.23,-99.47,75.2,50,40,20.8,CA,1595794898
272,Saurimo,-9.66,20.39,65.79,32,0,5.88,AO,1595795088
273,Wuwei,37.93,102.64,71.01,39,6,7.99,CN,1595795090
274,Kavieng,-2.57,150.8,81.99,77,100,7.36,PG,1595794920
275,Mayma,52.02,85.91,55.38,88,2,5.97,RU,1595795092
276,Vostok,46.49,135.88,55.45,93,0,3.29,RU,1595795093
277,Vacha,55.8,42.77,56.61,85,0,1.1,RU,1595795094
278,Dingle,11.0,122.67,76.26,86,19,2.64,PH,1595795095
279,Nekhayevskiy,50.41,41.76,66.0,58,80,1.01,RU,1595795096
280,Imeni Poliny Osipenko,52.42,136.49,58.48,82,100,3.09,RU,1595795098
281,Obihiro,42.92,143.2,56.48,91,100,1.41,JP,1595795099
282,Jackson,42.42,-122.83,95.0,21,1,4.7,US,1595794861
283,Shimoda,34.67,138.95,70.0,94,98,7.43,JP,1595794967
284,Pavelets,53.79,39.25,60.42,75,0,6.96,RU,1595795102
285,Taseyevo,57.22,94.9,54.48,97,61,1.48,RU,1595795103
286,Finkenstein,46.56,13.87,69.8,77,75,3.36,AT,1595795104
287,Mackay,-21.15,149.2,57.0,93,0,2.24,AU,1595795105
288,Bluefield,37.27,-81.22,82.99,57,20,5.82,US,1595795107
289,Bantry,51.68,-9.45,57.2,100,75,9.17,IE,1595795108
290,Dunmore East,52.15,-6.99,60.01,87,20,11.41,IE,1595795109
291,Denpasar,-8.65,115.22,77.0,100,20,6.93,ID,1595795110
292,Garhiyasin,27.91,68.51,87.8,66,40,9.17,PK,1595795111
293,Miyako,39.64,141.95,66.99,94,100,2.57,JP,1595795112
294,Bratsk,56.13,101.61,59.0,93,0,2.24,RU,1595795113
295,Takaungu,-3.68,39.86,75.2,83,20,8.05,KE,1595795115
296,San Rafael del Sur,11.85,-86.44,91.4,52,40,9.17,NI,1595795116
297,Lorengau,-2.02,147.27,81.21,79,100,6.4,PG,1595795117
298,Bilma,18.69,12.92,92.71,16,0,4.09,NE,1595794920
299,Dalnegorsk,44.56,135.57,57.33,87,84,1.66,RU,1595795119
300,Magistral'nyy,56.17,107.45,57.13,65,100,2.57,RU,1595795120
301,Okhotsk,59.38,143.3,55.69,81,0,1.74,RU,1595795121
302,Barra Patuca,15.8,-84.28,85.03,75,100,14.41,HN,1595795123
303,Kaeo,-35.1,173.78,48.0,3,0,1.01,NZ,1595795124
304,Berdigestyakh,62.1,126.7,59.07,71,100,1.23,RU,1595795125
305,Piaçabuçu,-10.41,-36.43,76.42,76,54,11.74,BR,1595795126
306,Sinnamary,5.38,-52.95,82.18,78,17,8.75,GF,1595795127
307,Vic,41.93,2.25,73.99,79,0,2.66,ES,1595795128
308,Skibbereen,51.55,-9.27,57.2,100,75,9.17,IE,1595795129
309,Bayir,37.27,28.22,75.2,69,0,3.94,TR,1595795130
310,Nanjing,32.06,118.78,73.99,100,90,4.47,CN,1595795132
311,Katangli,51.71,143.23,50.7,93,36,3.69,RU,1595795133
312,Nalobikha,53.2,84.6,54.52,96,1,5.64,RU,1595795134
313,Druzhnaya Gorka,59.28,30.14,57.2,71,0,2.24,RU,1595795135
314,Lüderitz,-26.65,15.16,71.6,43,0,9.17,NA,1595795137
315,Necochea,-38.55,-58.74,51.01,71,100,4.0,AR,1595795138
316,Sørland,67.67,12.69,69.8,43,57,14.99,NO,1595794955
317,Malinovoye Ozero,51.68,79.78,64.67,54,48,1.5,RU,1595795140
318,Ulladulla,-35.35,150.47,60.01,100,90,27.51,AU,1595795141
319,Narsaq,60.92,-46.05,53.6,66,75,6.93,GL,1595794921
320,Ostrov,57.34,28.35,53.6,93,0,3.83,RU,1595795144
321,Mount Isa,-20.73,139.5,51.8,50,0,1.12,AU,1595795145
322,Sangar,63.92,127.47,54.91,87,48,1.7,RU,1595794925
323,Neiafu,-18.65,-173.98,75.2,83,40,6.93,TO,1595795147
324,Leshukonskoye,64.9,45.76,64.53,72,97,3.47,RU,1595795148
325,Hervey Bay,-25.3,152.85,53.01,85,32,4.0,AU,1595795149
326,Anito,12.45,125.29,78.55,85,74,2.04,PH,1595795150
327,Vallenar,-28.57,-70.76,80.82,14,0,4.9,CL,1595795151
328,São João da Barra,-21.64,-41.05,77.0,69,75,16.11,BR,1595795153
329,Lázaro Cárdenas,17.96,-102.2,88.52,57,41,6.55,MX,1595795154
330,Gouré,13.98,10.27,89.01,54,98,1.01,NE,1595795155
331,Peniche,39.36,-9.38,66.99,88,0,13.0,PT,1595795156
332,Jutaí,-5.18,-68.9,82.6,85,64,2.66,BR,1595795157
333,Aklavik,68.22,-135.01,64.4,68,40,6.93,CA,1595795159
334,Tanuma,36.37,139.58,80.01,92,100,4.0,JP,1595795160
335,Lagoa,39.05,-27.98,72.66,91,61,11.79,PT,1595794915
336,Chicama,-7.84,-79.15,71.49,56,3,10.36,PE,1595795162
337,Mildura,-34.2,142.15,44.6,87,48,5.82,AU,1595794984
338,Omboué,-1.57,9.26,73.09,84,41,7.11,GA,1595795164
339,Khovd,48.01,91.64,65.43,38,0,8.3,MN,1595795165
340,Birin,26.89,88.07,65.77,100,83,1.86,NP,1595795166
341,Bonoua,5.27,-3.6,77.0,88,20,5.82,CI,1595795168
342,Leh,34.17,77.58,64.94,36,1,3.44,IN,1595795169
343,Charters Towers,-20.1,146.27,54.48,42,0,10.29,AU,1595795170
344,Karratha,-20.74,116.85,64.89,29,62,12.03,AU,1595794401
345,Marquette,46.53,-87.63,79.0,90,99,1.01,US,1595795172
346,Paredon,16.03,-93.87,85.69,69,32,6.29,MX,1595795173
347,Fairbanks,64.84,-147.72,64.99,82,90,5.26,US,1595794954
348,Pangnirtung,66.15,-65.71,48.2,87,75,14.99,CA,1595795176
349,Cam Ranh,11.92,109.16,80.6,83,20,4.7,VN,1595795177
350,Linden,6.0,-58.3,86.0,70,40,13.87,GY,1595795178
351,Chifeng,42.27,118.96,66.67,75,99,3.76,CN,1595795179
352,Donghai,22.95,115.64,82.02,81,60,5.59,CN,1595795180
353,Murchison,-41.8,172.33,37.26,82,48,1.45,NZ,1595795181
354,Bilibino,68.05,166.44,75.43,39,1,10.47,RU,1595795183
355,Tortolì,39.93,9.66,80.6,83,5,8.05,IT,1595795184
356,Guangyuan,32.44,105.82,75.0,86,99,0.49,CN,1595795185
357,Longonjo,-12.91,15.25,58.12,35,0,2.37,AO,1595795186
358,Kenai,60.55,-151.26,61.0,72,1,6.93,US,1595795187
359,Congonhas,-20.5,-43.86,78.8,44,40,11.41,BR,1595795020
360,Hong Kong,22.29,114.16,86.0,74,40,8.05,HK,1595794503
361,Biak,-0.91,122.88,75.99,81,100,7.7,ID,1595795190
362,Chute-aux-Outardes,49.12,-68.4,71.6,73,1,6.93,CA,1595795192
363,Namatanai,-3.67,152.43,79.23,81,100,3.71,PG,1595795193
364,Ust'-Ishim,57.69,71.17,53.1,90,96,3.33,RU,1595795194
365,Kuvandyk,51.48,57.36,57.87,83,0,4.97,RU,1595795195
366,Aden,12.78,45.04,84.25,71,57,4.09,YE,1595794902
367,Atbasar,51.8,68.33,58.93,91,98,7.31,KZ,1595795197
368,Shīeli,44.17,66.75,76.91,28,0,8.05,KZ,1595795199
369,Duncan,34.5,-97.96,93.99,49,40,8.05,US,1595795200
370,Burns Lake,54.23,-125.75,77.34,35,0,6.22,CA,1595795201
371,Tanhaçu,-14.02,-41.25,78.37,51,64,13.33,BR,1595795202
372,Robertsport,6.75,-11.37,76.51,80,100,14.79,LR,1595795203
373,Icó,-6.4,-38.86,88.77,31,88,3.18,BR,1595795205
374,Tongzi,28.78,105.09,71.91,95,0,2.08,CN,1595795206
375,Kutum,14.2,24.67,78.4,57,77,23.85,SD,1595795207
376,Ambulu,-8.35,113.61,70.27,87,17,4.27,ID,1595795208
377,Roebourne,-20.78,117.13,64.94,29,36,12.62,AU,1595795209
378,San Patricio,19.22,-104.7,89.6,75,40,11.41,MX,1595794644
379,Rio Verde de Mato Grosso,-18.92,-54.84,89.17,20,29,6.15,BR,1595795212
380,Broome,42.25,-75.83,87.01,39,1,9.17,US,1595795213
381,San Carlos del Zulia,9.0,-71.91,90.09,57,100,1.79,VE,1595795214
382,Porto Torres,40.84,8.4,77.0,65,0,4.7,IT,1595795215
383,Namie,37.48,141.0,72.0,98,100,3.94,JP,1595795216
384,Cabo San Lucas,22.89,-109.91,88.0,66,5,11.41,MX,1595794924
385,Sitka,57.05,-135.33,55.4,87,75,9.17,US,1595795219
386,Cacoal,-11.44,-61.45,93.79,26,0,5.73,BR,1595795220
387,Ukiah,39.15,-123.21,96.01,24,1,5.82,US,1595795221
388,Lincoln,40.8,-96.67,87.01,70,75,11.41,US,1595795100
389,Vanimo,-2.67,141.3,77.4,82,100,5.32,PG,1595795223
390,Barstow,34.9,-117.02,98.6,11,1,3.36,US,1595795104
391,Emba,48.83,58.14,70.7,48,0,10.74,KZ,1595795225
392,Paamiut,61.99,-49.67,47.03,88,25,0.76,GL,1595794974
393,Tautira,-17.73,-149.15,82.4,69,20,14.99,PF,1595794974
394,Matara,5.95,80.54,78.64,88,100,8.72,LK,1595795229
395,Prince Rupert,54.32,-130.32,64.4,82,90,5.82,CA,1595795104
396,Formosa do Rio Preto,-11.05,-45.19,84.7,34,1,7.7,BR,1595795231
397,Looc,12.26,121.99,80.92,79,100,3.4,PH,1595795232
398,Baykit,61.67,96.37,54.45,84,90,2.08,RU,1595795234
399,Plettenberg Bay,-34.05,23.37,55.11,68,59,2.59,ZA,1595795235
400,Elko,41.0,-115.5,93.2,12,1,7.49,US,1595795224
401,Bambous Virieux,-20.34,57.76,70.0,73,75,18.34,MU,1595795237
402,Flinders,-34.58,150.86,62.01,98,100,8.99,AU,1595795238
403,Aquiraz,-3.9,-38.39,82.4,61,20,12.75,BR,1595795240
404,Doha,25.29,51.53,96.8,56,51,6.93,QA,1595795027
405,Taltal,-25.4,-70.48,63.79,54,22,2.08,CL,1595795218
406,Nikolayevsk-on-Amur,53.14,140.73,53.01,84,39,2.01,RU,1595795243
407,Wellington,-41.29,174.78,41.0,86,0,5.82,NZ,1595795053
408,Alta Floresta,-9.88,-56.09,93.45,21,0,6.13,BR,1595794620
409,Kashgar,39.45,75.98,80.74,27,69,6.22,CN,1595795033
410,Coquimbo,-29.95,-71.34,62.6,55,43,11.41,CL,1595795247
411,Lake Havasu City,34.48,-114.32,106.0,11,1,3.36,US,1595794977
412,Novobiryusinskiy,56.96,97.71,55.72,97,39,2.8,RU,1595795250
413,Sistranda,63.73,8.83,64.99,72,75,14.99,NO,1595795251
414,Rapid Valley,44.06,-103.15,82.99,30,20,12.75,US,1595795252
415,Yatou,37.15,122.38,69.03,81,100,2.8,CN,1595795253
416,Kozhva,65.11,57.05,58.95,71,34,4.07,RU,1595795254
417,Eyl,7.98,49.82,81.19,62,13,16.44,SO,1595795255
418,Faya,18.39,42.45,68.0,82,40,9.17,SA,1595795256
419,Aksu,41.12,80.26,82.27,29,81,12.3,CN,1595795258
420,Maniitsoq,65.42,-52.9,48.29,84,31,2.64,GL,1595795260
421,Tall Kayf,37.08,41.07,85.44,19,0,4.76,TR,1595795261
422,Gornopravdinsk,60.05,69.9,54.05,78,0,3.24,RU,1595795262
423,Awjilah,29.11,21.29,83.5,42,0,14.92,LY,1595795263
424,Banjarmasin,-3.32,114.59,77.0,88,90,2.24,ID,1595795264
425,Tanout,14.97,8.89,97.07,27,57,8.61,NE,1595795265
426,Tshane,-24.02,21.87,52.72,42,0,7.94,BW,1595795267
427,Dori,14.04,-0.03,88.74,50,51,8.03,BF,1595795268
428,Krasnosel'kup,65.7,82.47,48.83,68,6,13.94,RU,1595795269
429,Teyateyaneng,-29.15,27.75,38.52,69,0,2.28,LS,1595795270
430,Vardø,70.37,31.11,55.4,87,10,16.11,NO,1595795271
431,Guane,22.2,-84.09,86.95,67,92,12.44,CU,1595795272
432,Pārsābād,39.65,47.92,78.8,69,20,4.7,IR,1595795273
433,Gilbués,-9.83,-45.34,87.37,27,31,10.2,BR,1595795274
434,Arteaga,18.47,-102.42,77.76,74,64,2.68,MX,1595795276
435,Mabaruma,8.2,-59.78,84.74,74,38,5.19,GY,1595795277
436,Qasigiannguit,68.82,-51.19,44.6,93,100,4.7,GL,1595795278
437,Nantucket,41.28,-70.1,79.0,78,40,18.34,US,1595795018
438,Severobaykal'sk,55.65,109.32,57.24,67,100,6.38,RU,1595795280
439,Tiznit Province,29.58,-9.5,76.14,60,0,2.24,MA,1595795281
440,Lokvine,44.2,17.86,66.2,93,92,4.7,BA,1595794982
441,Bathsheba,13.22,-59.52,87.8,62,40,17.22,BB,1595795283
442,Sarangani,5.4,125.46,82.42,74,100,6.29,PH,1595795285
443,Riyadh,24.69,46.72,95.0,28,10,2.24,SA,1595795209
444,Burmakino,57.42,40.24,59.0,93,15,4.23,RU,1595795287
445,Sili,28.4,117.17,78.19,88,100,3.24,CN,1595795288
446,Sarakhs,36.54,61.16,91.4,24,0,4.7,IR,1595795289
447,Harbour Breton,47.48,-55.8,58.84,99,100,13.51,CA,1595795290
448,Mandalgovi,45.76,106.27,61.05,81,0,10.36,MN,1595795291
449,Achit,56.8,57.9,54.05,84,86,5.66,RU,1595795292
450,Meulaboh,4.14,96.13,75.99,88,100,3.85,ID,1595795294
451,Korčula,42.96,17.14,77.0,57,95,3.36,HR,1595795295
452,Nizhniy Tsasuchey,50.52,115.13,66.13,87,0,8.61,RU,1595795296
453,Pontianak,-0.03,109.33,74.66,95,100,4.54,ID,1595795297
454,Evensk,61.95,159.23,54.84,84,0,9.37,RU,1595795298
455,Sumbe,-11.21,13.84,70.21,87,0,6.69,AO,1595795299
456,Mossamedes,-15.2,12.15,66.25,88,2,4.43,AO,1595795300
457,Nabire,-3.37,135.48,75.52,88,98,3.76,ID,1595795106
458,Honningsvåg,70.98,25.97,68.0,52,16,16.11,NO,1595795302
459,Provost,52.35,-110.27,70.97,47,78,15.52,CA,1595795304
460,Valleyview,55.07,-117.29,73.38,50,12,8.39,CA,1595795305
461,Seymchan,62.88,152.43,65.23,54,16,7.96,RU,1595795306
462,Bandarbeyla,9.49,50.81,77.94,81,0,25.28,SO,1595795307
463,Santana do Ipanema,-9.38,-37.25,75.27,63,88,12.59,BR,1595795308
464,Comodoro Rivadavia,-45.87,-67.5,37.4,86,40,3.36,AR,1595795309
465,Kasungu,-13.03,33.48,55.54,77,2,4.38,MW,1595795311
466,Vila,42.03,-8.16,78.01,54,0,3.0,PT,1595795312
467,Husavik,66.04,-17.34,48.2,70,40,12.75,IS,1595795313
468,Östersund,63.18,14.64,59.0,77,94,11.41,SE,1595795314
469,Souillac,-20.52,57.52,69.8,73,75,18.34,MU,1595795315
470,Ilulissat,69.22,-51.1,44.6,93,100,4.7,GL,1595795316
471,Sungai Penuh,-2.08,101.38,62.73,94,53,2.62,ID,1595795317
472,Agüimes,27.91,-15.45,75.0,69,20,31.09,ES,1595795319
473,San Isidro,-12.12,-77.05,59.0,87,90,4.7,PE,1595795320
474,Oistins,13.07,-59.53,87.8,62,40,17.22,BB,1595795321
475,Kouango,4.99,19.96,71.2,95,100,1.81,CF,1595795322
476,De Aar,-30.65,24.01,47.21,55,0,14.67,ZA,1595795323
477,Buala,-8.14,159.59,79.77,84,67,10.16,SB,1595795324
478,San Francisco,37.77,-122.42,71.6,60,20,18.34,US,1595795326
479,Ndago,-4.6,34.35,63.95,43,0,10.45,TZ,1595795327
480,Kokopo,-4.35,152.26,76.23,82,82,5.41,PG,1595795328
481,Melfi,41.0,15.65,77.0,53,5,3.36,IT,1595795329
482,Labuhan,-6.88,112.21,72.73,85,58,6.87,ID,1595795330
483,Sterling,39.01,-77.43,95.0,41,0,11.99,US,1595795331
484,Kingaroy,-26.53,151.83,48.2,100,90,6.93,AU,1595795333
485,Nova Olímpia,-14.8,-57.29,93.09,18,0,3.49,BR,1595795334
486,Mount Darwin,-16.77,31.58,53.71,54,0,2.86,ZW,1595795335
487,Rabak,13.18,32.74,82.08,65,59,17.58,SD,1595795336
488,Tahe,52.33,124.73,66.4,96,100,2.98,CN,1595795337
489,Dali,25.7,100.18,60.24,87,98,1.43,CN,1595795338
490,Lusambo,-4.97,23.45,74.97,31,0,1.12,CD,1595795339
491,Elliot,-31.33,27.85,41.02,85,50,3.51,ZA,1595795341
492,Palmer,42.16,-72.33,91.0,38,40,12.75,US,1595795342
493,Geraldton,-28.77,114.6,53.6,81,0,13.87,AU,1595795344
494,Tetiiv,49.38,29.66,65.86,87,100,8.01,UA,1595795192
495,Muli,2.92,73.57,82.45,73,100,7.72,MV,1595795346
496,Kuminskiy,58.67,66.57,55.6,72,36,3.83,RU,1595795347
497,Saint-Nazaire,47.28,-2.2,64.4,77,0,8.05,FR,1595795348
498,Caravelas,-17.71,-39.25,73.85,78,6,6.4,BR,1595795117
499,Deputatsky,69.3,139.9,54.57,80,17,4.65,RU,1595795350
500,Umluj,25.02,37.27,95.52,38,91,7.31,SA,1595795351
501,Tigil',57.8,158.67,53.31,76,0,4.97,RU,1595795353
502,Okha,53.57,142.95,51.03,90,0,8.12,RU,1595795354
503,Sinazongwe,-17.26,27.46,63.12,50,0,3.33,ZM,1595795355
504,Krasnogvardeyskoye,45.85,41.52,75.22,38,1,11.86,RU,1595795356
505,Katsuura,35.13,140.3,78.8,88,75,13.87,JP,1595795357
506,Whitefish,48.41,-114.34,81.0,27,1,4.7,US,1595795176
507,Tolmezzo,46.41,13.02,71.01,88,100,1.99,IT,1595795360
508,Christchurch,-43.53,172.63,39.0,100,0,4.7,NZ,1595795072
509,Bahía Honda,22.9,-83.16,86.4,71,100,10.0,CU,1595795362
510,Rio Grande,-32.03,-52.1,59.0,58,100,11.41,BR,1595795272
511,Damnoen Saduak,13.52,99.95,81.0,81,100,3.69,TH,1595795364
512,Tacoronte,28.48,-16.41,72.0,88,40,19.46,ES,1595795365
513,Tezu,27.92,96.17,76.62,76,82,2.66,IN,1595795367
514,San Policarpo,12.18,125.51,78.82,86,27,3.51,PH,1595795368
515,Djenné,13.91,-4.55,91.58,43,24,8.95,ML,1595795369
516,Margate,51.38,1.39,64.99,78,100,1.99,GB,1595795370
517,Ciudad Bolivar,8.12,-63.55,90.39,53,99,3.78,VE,1595795371
518,Filingué,14.35,3.32,94.5,38,28,3.76,NE,1595795372
519,Lavrentiya,65.58,-171.0,60.55,61,90,16.62,RU,1595795373
520,Alekseyevskoye,55.31,50.11,59.0,82,59,4.47,RU,1595795374
521,Pampa,35.54,-100.96,95.0,30,40,8.05,US,1595795376
522,Rocha,-34.48,-54.33,52.54,81,100,6.89,UY,1595795377
523,Mana,5.66,-53.78,82.99,73,17,9.04,GF,1595795378
524,Safford,32.83,-109.71,93.2,34,1,4.7,US,1595795379
525,Murray Bridge,-35.12,139.27,51.01,94,4,1.99,AU,1595795380
526,Benguela,-12.58,13.41,67.93,88,8,3.09,AO,1595795381
527,Voznesen'ye,61.01,35.48,61.59,88,3,0.47,RU,1595795382
528,Shouguang,36.88,118.74,68.38,92,33,1.1,CN,1595795384
529,Vao,-22.67,167.48,70.9,83,1,20.38,NC,1595795385
530,Taoudenni,22.68,-3.98,105.37,10,8,10.74,ML,1595795386
531,Manokwari,-0.87,134.08,80.15,77,100,9.86,ID,1595795387
532,Médéa,36.26,2.75,78.8,78,0,6.93,DZ,1595795388
533,Haverfordwest,51.8,-4.97,64.99,88,100,27.51,GB,1595795300
534,Walvis Bay,-22.96,14.51,73.4,25,0,11.41,NA,1595795390
535,Zyryanka,65.75,150.85,71.91,63,100,9.82,RU,1595795392
536,Polunochnoye,60.87,60.42,58.5,79,94,3.09,RU,1595795393
537,Nanortalik,60.14,-45.24,46.17,83,63,3.98,GL,1595795322
538,Poum,-20.23,164.02,72.91,81,0,18.07,NC,1595795395
539,Tamiahua,21.27,-97.45,89.08,67,100,17.63,MX,1595795396
540,Kigoma,-4.88,29.63,68.0,72,0,3.6,TZ,1595795397
541,Khandyga,62.67,135.6,60.04,91,33,2.68,RU,1595795398
542,Broken Hill,-31.95,141.43,48.2,76,38,14.99,AU,1595795399
543,Beni,0.5,29.47,62.98,100,20,0.47,CD,1595795401
544,Manzhouli,49.6,117.43,65.08,73,17,4.41,CN,1595795402
545,Gohpur,26.88,93.63,77.86,92,100,2.21,IN,1595795403
546,Tarko-Sale,64.92,77.78,46.99,86,38,13.44,RU,1595795404
547,Daşoguz,41.84,59.97,80.6,51,0,4.7,TM,1595795405
548,Bolgar,54.95,49.07,60.8,77,31,4.47,RU,1595795406
549,Kiryat Gat,31.61,34.76,82.0,76,6,1.99,IL,1595795407
550,Keshod,21.3,70.25,81.48,85,0,3.31,IN,1595795408
551,Terråk,65.09,12.37,66.2,59,97,20.8,NO,1595795410
552,Victoriaville,46.05,-71.97,82.0,78,90,3.36,CA,1595795122
553,Burē,10.7,37.07,55.78,97,100,2.86,ET,1595795412
554,Nālūt,30.33,10.85,85.15,21,0,15.57,LY,1595795413
555,Nyurba,63.28,118.33,51.31,90,51,2.1,RU,1595795414
556,Half Moon Bay,37.46,-122.43,73.0,72,5,11.41,US,1595795415
557,Katherine,-14.47,132.27,55.4,50,0,8.05,AU,1595795416
558,Salekhard,66.53,66.6,47.7,86,2,7.83,RU,1595795418
